publishedAt,title,description,url
2021-08-17T04:02:02.000000Z,EQS-Adhoc : ORIOR reports significantly better first-half results; expansion of production capacity for plant-based products initiated,"EQS Group-Ad-hoc: ORIOR AG / Key word: Half Year Results/Sustainability ORIOR reports significantly better first-half results; expansion of production capacity for plant-based products initiated... | August 17,  2021",https://www.marketscreener.com/quote/stock/ORIOR-AG-6149470/news/EQS-Adhoc-ORIOR-reports-significantly-better-first-half-results-expansion-of-production-capacity-36177609/
2021-08-17T08:13:34.000000Z,ORIOR : Half-Year Report 2021,"2021 ORIOR Group
      
      
        HALF YEAR REPORT
      
    
    
      
        ORIOR HALF YEAR REPORT 2021
      
      
        ORIOR - Excellence in Food
      
      
     ... | August 17,  2021",https://www.marketscreener.com/quote/stock/ORIOR-AG-6149470/news/ORIOR-Half-Year-Report-2021-36178781/
